{
	"mapwidth":"959",
	"mapheight":"593",
	"categories":[

	],
	"levels":[
		{
			"id":"states",
			"title":"States",
			"map":"assets/img/maps/dashboard-map-dotted.png",
			"minimap":"",
			"locations":[
				{
					"id":"usa",
					"title":"United Stats of America",
					"description":"<p>Northern America</p>",
					"action": "tooltip",
					"x":"0.2200",
					"y":"0.4500",
					"pin": "pulse ",
					"zoom": "2"
				},
				{
					"id":"af",
					"title":"Africa",
					"description":"<p>Africa</p>",
					"action": "tooltip",
					"x":"0.5500",
					"y":"0.6000",
					"pin": "pulse ",
					"zoom": "2"
				},
				{
					"id":"ru",
					"title":"Russia",
					"description":"<p>Russia</p>",
					"action": "tooltip",
					"x":"0.7500",
					"y":"0.3326",
					"pin": "pulse ",
					"zoom": "2"
				}
			]
		}
	],
	"minimap":"false",
	"sidebar":"false",
	"zoomlimit":"4"
}